scope,prompt,prompt_bytes,prompts,runs,ok_runs,tokens_median,total_tokens,elapsed_us_median,total_elapsed_us,host_overhead_us_median,host_overhead_pct_median,host_child_cpu_us_median,host_child_cpu_pct_median,host_child_tok_per_cpu_s_median,host_child_peak_rss_bytes_max,ttft_us_median,ttft_us_p95,tok_per_s_min,tok_per_s_p05,tok_per_s_median,tok_per_s_stdev,tok_per_s_cv_pct,tok_per_s_p05_p95_spread_pct,tok_per_s_p95,tok_per_s_max,wall_tok_per_s_median,wall_tok_per_s_p95,us_per_token_median,us_per_token_p95,wall_us_per_token_median,wall_us_per_token_p95,memory_bytes_max
suite,,240,2,4,4,,160,,1000000,-201108.0,-79.8595,41405.0,86.6037869122436,949.661299547124,442368,12000.0,12400.0,160.0,160.0,160.0,0.0,0.0,0.0,160.0,160.0,811.4582432529353,979.7620088627966,6250.0,6250.0,1258.78125,1445.33125,67207168
prompt,smoke-code,71,,2,2,48.0,,300000.0,,-249893.0,-83.29766666666667,42872.0,85.59576157498478,1119.9759674871411,442368,12400.0,12400.0,160.0,160.0,160.0,0.0,0.0,0.0,,160.0,958.8782240443169,985.7288045252194,6250.0,6250.0,1043.8958333333333,1073.1270833333333,67207168
prompt,smoke-short,49,,2,2,32.0,,200000.0,,-153804.0,-76.902,40367.0,87.38353085412047,792.7843052476164,442368,11600.0,11600.0,160.0,160.0,160.0,0.0,0.0,0.0,,160.0,692.7026415434227,693.755280850643,6250.0,6250.0,1443.625,1445.81875,67174400
