scope,prompt,prompt_bytes,prompts,runs,ok_runs,failed_runs,timed_out_runs,nonzero_exit_runs,tokens_median,total_tokens,elapsed_us_median,total_elapsed_us,host_overhead_us_median,host_overhead_pct_median,host_child_cpu_us_median,host_child_cpu_pct_median,host_child_tok_per_cpu_s_median,host_child_peak_rss_bytes_max,ttft_us_median,ttft_us_p95,tok_per_s_min,tok_per_s_p05,tok_per_s_median,tok_per_s_stdev,tok_per_s_cv_pct,tok_per_s_p05_p95_spread_pct,tok_per_s_p95,tok_per_s_max,wall_tok_per_s_median,wall_tok_per_s_p95,us_per_token_median,us_per_token_p95,wall_us_per_token_median,wall_us_per_token_p95,memory_bytes_max
suite,,240,2,4,4,0,0,0,,160,,1000000,-193485.0,-76.57466666666667,42801.5,76.80512789155361,919.3015179923077,13336576,12000.0,12400.0,160.0,160.0,160.0,0.0,0.0,0.0,160.0,160.0,704.5695583266175,974.6640253354426,6250.0,6250.0,1464.0833333333335,1805.1515625,67207168
prompt,smoke-code,71,,2,2,0,0,0,48.0,,300000.0,,-247021.0,-82.34033333333333,42408.5,80.47785733229702,1133.4995447560532,458752,12400.0,12400.0,160.0,160.0,160.0,0.0,0.0,0.0,,160.0,914.1848455621232,991.9437909849623,6250.0,6250.0,1103.7291666666667,1197.6104166666667,67207168
prompt,smoke-short,49,,2,2,0,0,0,32.0,,200000.0,,-143355.5,-71.67775,42801.5,75.61991817825678,747.6380520195924,13336576,11600.0,11600.0,160.0,160.0,160.0,0.0,0.0,0.0,,160.0,565.3782408016415,579.7556134850039,6250.0,6250.0,1770.140625,1815.1546875,67174400
