scope,prompt,prompt_bytes,prompts,runs,ok_runs,failed_runs,timed_out_runs,nonzero_exit_runs,tokens_median,total_tokens,elapsed_us_median,total_elapsed_us,host_overhead_us_median,host_overhead_pct_median,host_child_cpu_us_median,host_child_cpu_pct_median,host_child_tok_per_cpu_s_median,host_child_peak_rss_bytes_max,ttft_us_median,ttft_us_p95,tok_per_s_min,tok_per_s_p05,tok_per_s_median,tok_per_s_stdev,tok_per_s_cv_pct,tok_per_s_iqr_pct,tok_per_s_p05_p95_spread_pct,tok_per_s_p95,tok_per_s_max,wall_tok_per_s_p05,wall_tok_per_s_median,wall_tok_per_s_p95,wall_tok_per_s_iqr_pct,wall_tok_per_s_p05_p95_spread_pct,us_per_token_median,us_per_token_p95,wall_us_per_token_median,wall_us_per_token_p95,memory_bytes_max
suite,,240,2,4,4,0,0,0,,160,,1000000,-206689.5,-82.07633333333334,38067.5,87.521307680999,1044.985577412864,475136,12000.0,12400.0,160.0,160.0,160.0,0.0,0.0,0.0,0.0,160.0,160.0,679.4895958849988,918.356418648177,1140.6167452026484,38.37691487458085,50.21222043576827,6250.0,6250.0,1120.2291666666667,1475.4109375,67207168
prompt,smoke-code,71,,2,2,0,0,0,48.0,,300000.0,,-256790.5,-85.59683333333334,37822.0,87.521307680999,1271.0939183508385,475136,12400.0,12400.0,160.0,160.0,160.0,0.0,0.0,0.0,0.0,,160.0,1075.9713747560627,1112.3343956322672,1148.6974165084716,3.6323030814982773,6.538145546696899,6250.0,6250.0,900.1979166666667,929.6260416666667,67207168
prompt,smoke-short,49,,2,2,0,0,0,32.0,,200000.0,,-154998.5,-77.49924999999999,38839.5,86.41740302141949,826.1459149233386,458752,11600.0,11600.0,160.0,160.0,160.0,0.0,0.0,0.0,0.0,,160.0,669.4552191428571,714.6099144824947,759.7646098221322,7.020877081875065,12.637578747375098,6250.0,6250.0,1406.296875,1495.1578125,67174400
