scope,prompt,prompt_bytes,prompts,runs,ok_runs,tokens_median,total_tokens,elapsed_us_median,total_elapsed_us,host_overhead_us_median,host_overhead_pct_median,host_child_cpu_us_median,host_child_cpu_pct_median,host_child_tok_per_cpu_s_median,host_child_peak_rss_bytes_max,ttft_us_median,ttft_us_p95,tok_per_s_min,tok_per_s_p05,tok_per_s_median,tok_per_s_stdev,tok_per_s_cv_pct,tok_per_s_p05_p95_spread_pct,tok_per_s_p95,tok_per_s_max,wall_tok_per_s_median,wall_tok_per_s_p95,us_per_token_median,us_per_token_p95,wall_us_per_token_median,wall_us_per_token_p95,memory_bytes_max
suite,,240,2,4,4,,160,,1000000,-179037.0,-71.26741666666666,45321.5,71.59161800685989,846.6676775094446,622592,12000.0,12400.0,160.0,160.0,160.0,0.0,0.0,0.0,160.0,160.0,558.9014972629869,824.4491379346839,6250.0,6250.0,1795.7864583333335,1938.4234375,67207168
prompt,smoke-code,71,,2,2,48.0,,300000.0,,-231772.0,-77.25733333333334,48017.0,72.21642631405636,1002.3718432993529,589824,12400.0,12400.0,160.0,160.0,160.0,0.0,0.0,0.0,,160.0,729.0179639137164,851.7151876549603,6250.0,6250.0,1421.4166666666667,1660.6479166666668,67207168
prompt,smoke-short,49,,2,2,32.0,,200000.0,,-138419.5,-69.20975,44092.5,71.59161800685989,726.1490521594887,622592,11600.0,11600.0,160.0,160.0,160.0,0.0,0.0,0.0,,160.0,519.7014151203039,524.5738928043063,6250.0,6250.0,1924.390625,1942.4328125,67174400
