scope,dataset,split,engine,total_count,scored_count,score_coverage,mean_margin,median_margin,p10_margin,min_margin,mean_correct_margin,mean_wrong_margin,low_margin_threshold,low_margin_count,low_margin_rate
overall,,,holyc,3,1,0.3333333333333333,0.9989678648531953,0.9989678648531953,0.9989678648531953,0.9989678648531953,0.9989678648531953,0.0,0.1,0,0.0
overall,,,llama,3,1,0.3333333333333333,0.7184954468730188,0.7184954468730188,0.7184954468730188,0.7184954468730188,0.7184954468730188,0.0,0.1,0,0.0
dataset_split,arc-smoke,validation,holyc,1,1,1.0,0.9989678648531953,0.9989678648531953,0.9989678648531953,0.9989678648531953,0.9989678648531953,0.0,0.1,0,0.0
dataset_split,arc-smoke,validation,llama,1,0,0.0,0.0,0.0,0.0,0.0,0.0,0.0,0.1,0,0.0
dataset_split,hellaswag-smoke,validation,holyc,1,0,0.0,0.0,0.0,0.0,0.0,0.0,0.0,0.1,0,0.0
dataset_split,hellaswag-smoke,validation,llama,1,0,0.0,0.0,0.0,0.0,0.0,0.0,0.0,0.1,0,0.0
dataset_split,truthfulqa-smoke,validation,holyc,1,0,0.0,0.0,0.0,0.0,0.0,0.0,0.0,0.1,0,0.0
dataset_split,truthfulqa-smoke,validation,llama,1,1,1.0,0.7184954468730188,0.7184954468730188,0.7184954468730188,0.7184954468730188,0.7184954468730188,0.0,0.1,0,0.0
