record_id,dataset,split,holyc_token_count,llama_token_count,holyc_nll_per_token,llama_nll_per_token,nll_delta_holyc_minus_llama,holyc_perplexity,llama_perplexity,perplexity_delta_holyc_minus_llama
smoke-arc-1,,,3,3,0.35000000000000003,0.34,0.010000000000000009,1.4190675485932573,1.4049475905635938,0.014119958029663593
smoke-hellaswag-1,,,4,4,0.3125,0.3125,0.0,1.3668379411737963,1.3668379411737963,0.0
smoke-truthfulqa-1,,,4,4,0.42,0.4125001356373084,0.007499864362691566,1.5219615556186337,1.510589747199986,0.0113718084186476
