scope,prompt,prompt_bytes,prompts,runs,ok_runs,tokens_median,total_tokens,elapsed_us_median,total_elapsed_us,host_overhead_us_median,host_overhead_pct_median,host_child_cpu_us_median,host_child_cpu_pct_median,host_child_tok_per_cpu_s_median,ttft_us_median,ttft_us_p95,tok_per_s_min,tok_per_s_p05,tok_per_s_median,tok_per_s_stdev,tok_per_s_cv_pct,tok_per_s_p05_p95_spread_pct,tok_per_s_p95,tok_per_s_max,wall_tok_per_s_median,wall_tok_per_s_p95,us_per_token_median,us_per_token_p95,wall_us_per_token_median,wall_us_per_token_p95,memory_bytes_max
suite,,360,2,6,6,,240,,1500000,-47853.0,-19.28275,55606.5,28.965541800188596,715.8005481410606,12000.0,12400.0,160.0,160.0,160.0,0.0,0.0,0.0,160.0,160.0,198.8883435877808,399.6440747095027,6250.0,6250.0,5044.828125,23967.4453125,67207168
prompt,smoke-code,71,,3,3,48,,300000,,-71856,-23.952,54772,24.880777053089275,876.3601840356387,12400,12400.0,160.0,160.0,160.0,0.0,0.0,0.0,,160.0,210.39343572480539,428.7134307883118,6250.0,6250.0,4753.0,11373.849999999999,67207168
prompt,smoke-short,49,,3,3,32,,200000,,-29227,-14.6135,56441,33.05030654728792,566.9637320387661,11600,11600.0,160.0,160.0,160.0,0.0,0.0,0.0,,160.0,187.38325145075626,234.43473245179143,6250.0,6250.0,5336.65625,25661.749999999996,67174400
