scope,prompt,prompt_bytes,prompts,runs,ok_runs,failed_runs,timed_out_runs,nonzero_exit_runs,tokens_median,total_tokens,elapsed_us_median,total_elapsed_us,host_overhead_us_median,host_overhead_pct_median,host_child_cpu_us_median,host_child_cpu_pct_median,host_child_tok_per_cpu_s_median,host_child_peak_rss_bytes_max,ttft_us_median,ttft_us_p95,tok_per_s_min,tok_per_s_p05,tok_per_s_median,tok_per_s_stdev,tok_per_s_cv_pct,tok_per_s_p05_p95_spread_pct,tok_per_s_p95,tok_per_s_max,wall_tok_per_s_p05,wall_tok_per_s_median,wall_tok_per_s_p95,wall_tok_per_s_p05_p95_spread_pct,us_per_token_median,us_per_token_p95,wall_us_per_token_median,wall_us_per_token_p95,memory_bytes_max
suite,,360,2,6,6,0,0,0,,240,,1500000,-206002.5,-81.90608333333333,38124.5,86.74153602125159,1033.0021107047971,11911168,12000.0,12400.0,160.0,160.0,160.0,0.0,0.0,0.0,160.0,160.0,693.9336726629458,901.1300121254667,1106.2577150148454,45.75633224992296,6250.0,6250.0,1130.8697916666667,1442.4375,67207168
prompt,smoke-code,71,,3,3,0,0,0,48,,300000,,-256440,-85.48,38427,87.28220986315279,1249.1217112967445,11911168,12400,12400.0,160.0,160.0,160.0,0.0,0.0,0.0,,160.0,1032.127192324927,1101.9283746556473,1107.123583086685,6.805922461629538,6250.0,6250.0,907.5,969.3375,67207168
prompt,smoke-short,49,,3,3,0,0,0,32,,200000,,-156269,-78.1345,36934,84.45725000571677,866.4103536037255,589824,11600,11600.0,160.0,160.0,160.0,0.0,0.0,0.0,,160.0,686.3711355118324,731.7463584185132,773.2743028083291,11.876132528259676,6250.0,6250.0,1366.59375,1457.60625,67174400
