scope,prompt,prompt_bytes,prompts,runs,ok_runs,failed_runs,ok_run_pct,timed_out_runs,nonzero_exit_runs,tokens_median,total_tokens,elapsed_us_median,total_elapsed_us,host_overhead_us_median,host_overhead_pct_median,host_child_cpu_us_median,host_child_cpu_pct_median,host_child_tok_per_cpu_s_median,host_child_peak_rss_bytes_max,ttft_us_median,ttft_us_p95,tok_per_s_min,tok_per_s_p05,tok_per_s_median,tok_per_s_stdev,tok_per_s_cv_pct,tok_per_s_iqr_pct,tok_per_s_p05_p95_spread_pct,tok_per_s_p95,tok_per_s_max,wall_tok_per_s_p05,wall_tok_per_s_median,wall_tok_per_s_p95,wall_tok_per_s_iqr_pct,wall_tok_per_s_p05_p95_spread_pct,prompt_bytes_per_s_median,wall_prompt_bytes_per_s_median,us_per_token_median,us_per_token_p95,wall_us_per_token_median,wall_us_per_token_p95,memory_bytes_max
suite,,240,2,4,4,0,100.0,0,0,,160,,1000000,-154397.0,-63.87625,59528.5,73.67986385125545,696.6812250162186,589824,12000.0,12400.0,160.0,160.0,160.0,0.0,0.0,0.0,0.0,160.0,160.0,379.37184606178243,449.21989960075143,607.6997432385904,31.665375368830297,50.827645297934616,240.83333333333331,687.8679712636506,6250.0,6250.0,2257.734375,2636.8020833333335,67207168
prompt,smoke-code,71,,2,2,0,100.0,0,0,48.0,,300000.0,,-197922.0,-65.97399999999999,63473.5,65.43234532438478,758.301321710865,589824,12400.0,12400.0,160.0,160.0,160.0,0.0,0.0,0.0,0.0,,160.0,388.9246108927861,501.3562467177337,613.7878825426814,24.917220164971884,44.850996296949404,236.66666666666666,741.5894482699812,6250.0,6250.0,2126.625,2603.53125,67207168
prompt,smoke-short,49,,2,2,0,100.0,0,0,32.0,,200000.0,,-127752.5,-63.87625,53165.5,73.67986385125545,608.9989987249701,524288,11600.0,11600.0,160.0,160.0,160.0,0.0,0.0,0.0,0.0,,160.0,401.3488110783643,449.21989960075143,497.0909881231386,11.840548115851758,21.312986608533166,245.0,687.8679712636506,6250.0,6250.0,2257.734375,2498.3296875,67174400
