scope,prompt,prompt_bytes,prompts,runs,ok_runs,failed_runs,timed_out_runs,nonzero_exit_runs,tokens_median,total_tokens,elapsed_us_median,total_elapsed_us,host_overhead_us_median,host_overhead_pct_median,host_child_cpu_us_median,host_child_cpu_pct_median,host_child_tok_per_cpu_s_median,host_child_peak_rss_bytes_max,ttft_us_median,ttft_us_p95,tok_per_s_min,tok_per_s_p05,tok_per_s_median,tok_per_s_stdev,tok_per_s_cv_pct,tok_per_s_p05_p95_spread_pct,tok_per_s_p95,tok_per_s_max,wall_tok_per_s_median,wall_tok_per_s_p95,us_per_token_median,us_per_token_p95,wall_us_per_token_median,wall_us_per_token_p95,memory_bytes_max
suite,,360,2,6,6,0,0,0,,240,,1500000,-128033.5,-64.01675,52891.5,72.89808595420675,780.4923544223815,15613952,12000.0,12400.0,160.0,160.0,160.0,0.0,0.0,0.0,160.0,160.0,450.38861123713104,779.3161017494017,6250.0,6250.0,2248.953125,6287.3046875,67207168
prompt,smoke-code,71,,3,3,0,0,0,48,,300000,,-233479,-77.82633333333334,51991,80.8646893462215,923.236714046662,15597568,12400,12400.0,160.0,160.0,160.0,0.0,0.0,0.0,,160.0,721.5766449692578,790.8639931054305,6250.0,6250.0,1385.8541666666667,6904.916666666666,67207168
prompt,smoke-short,49,,3,3,0,0,0,32,,200000,,-119911,-59.9555,56336,70.83689617381042,568.0204487361545,15613952,11600,11600.0,160.0,160.0,160.0,0.0,0.0,0.0,,160.0,399.555494512355,491.05510461695195,6250.0,6250.0,2502.78125,2585.58125,67174400
