scope,prompt,prompt_bytes,prompts,runs,ok_runs,failed_runs,ok_run_pct,timed_out_runs,nonzero_exit_runs,tokens_median,total_tokens,elapsed_us_median,total_elapsed_us,host_overhead_us_median,host_overhead_pct_median,host_child_cpu_us_median,host_child_cpu_pct_median,host_child_tok_per_cpu_s_median,host_child_peak_rss_bytes_max,ttft_us_median,ttft_us_p95,tok_per_s_min,tok_per_s_p05,tok_per_s_median,tok_per_s_stdev,tok_per_s_cv_pct,tok_per_s_iqr_pct,tok_per_s_p05_p95_spread_pct,tok_per_s_p95,tok_per_s_max,wall_tok_per_s_p05,wall_tok_per_s_median,wall_tok_per_s_p95,wall_tok_per_s_iqr_pct,wall_tok_per_s_p05_p95_spread_pct,prompt_bytes_per_s_median,wall_prompt_bytes_per_s_median,tokens_per_prompt_byte_median,us_per_token_median,us_per_token_p95,wall_us_per_token_median,wall_us_per_token_p95,memory_bytes_max,memory_bytes_per_token_median,memory_bytes_per_token_max,serial_output_bytes_total,serial_output_bytes_max
suite,,360,2,6,6,0,100.0,0,0,,240,,1500000,124314.5,55.7825,73266.0,24.576815096612798,489.5899466688797,18137088,12000.0,12400.0,160.0,160.0,160.0,0.0,0.0,0.0,0.0,160.0,160.0,58.97370091150482,106.74102407458236,289.5409840750699,123.08200654575211,216.0062498580326,240.83333333333331,160.12711353853695,0.6645587812589824,6250.0,6250.0,9736.40625,16962.34375,67207168,1749674.6666666665,2099200.0,1290,215
prompt,smoke-code,71,,3,3,0,100.0,0,0,48,,300000,,-83972,-27.990666666666666,72942,31.551002647804914,658.0570864522497,14204928,12400,12400.0,160.0,160.0,160.0,0.0,0.0,0.0,0.0,,160.0,136.96129207221713,222.19341937156295,303.0104970157713,41.517682460122835,74.73182842822108,236.66666666666666,328.6610994871035,0.676056338028169,6250.0,6250.0,4500.583333333333,7509.377083333333,67207168,1400149.3333333333,1400149.3333333333,645,215
prompt,smoke-short,49,,3,3,0,100.0,0,0,32,,200000,,325842,162.921,73590,13.417911699602149,434.8416904470716,18137088,11600,11600.0,160.0,160.0,160.0,0.0,0.0,0.0,0.0,,160.0,58.597484798949154,60.85478147428315,83.4773713466157,22.713349482635543,40.88402906874397,245.0,93.18388413249608,0.6530612244897959,6250.0,6250.0,16432.5625,17068.3,67174400,2099200.0,2099200.0,645,215
