scope,prompt,prompt_bytes,prompts,runs,ok_runs,failed_runs,ok_run_pct,timed_out_runs,nonzero_exit_runs,tokens_median,total_tokens,elapsed_us_median,total_elapsed_us,host_overhead_us_median,host_overhead_pct_median,host_child_cpu_us_median,host_child_cpu_pct_median,host_child_tok_per_cpu_s_median,host_child_peak_rss_bytes_max,ttft_us_median,ttft_us_p95,tok_per_s_min,tok_per_s_p05,tok_per_s_median,tok_per_s_stdev,tok_per_s_cv_pct,tok_per_s_iqr_pct,tok_per_s_p05_p95_spread_pct,tok_per_s_p95,tok_per_s_max,wall_tok_per_s_p05,wall_tok_per_s_median,wall_tok_per_s_p95,wall_tok_per_s_iqr_pct,wall_tok_per_s_p05_p95_spread_pct,prompt_bytes_per_s_median,wall_prompt_bytes_per_s_median,tokens_per_prompt_byte_median,us_per_token_median,us_per_token_p95,wall_us_per_token_median,wall_us_per_token_p95,memory_bytes_max,memory_bytes_per_token_median,memory_bytes_per_token_max,serial_output_bytes_total,serial_output_bytes_max
suite,,120,2,2,2,0,100.0,0,0,,80,,500000,-178314.5,-69.82916666666667,60680.0,84.65786637778616,667.0847924179864,589824,12000.0,12360.0,160.0,160.0,160.0,0.0,0.0,0.0,0.0,160.0,160.0,438.9370212680607,565.0753170519883,691.2136128359159,24.80265156746306,44.6447728214335,240.83333333333331,846.9062412401765,0.6645587812589824,6250.0,6250.0,1885.6770833333335,2306.6052083333334,67207168,1749674.6666666665,2099200.0,390,195
prompt,smoke-code,71,,1,1,0,100.0,0,0,48,,300000,,-231937,-77.31233333333333,57760,84.86255381044033,831.0249307479224,458752,12400,12400.0,160.0,160.0,160.0,,,0.0,0.0,,160.0,705.2289790341301,705.2289790341301,705.2289790341301,0.0,0.0,236.66666666666666,1043.1511981546507,0.676056338028169,6250.0,6250.0,1417.9791666666667,1417.9791666666667,67207168,1400149.3333333333,1400149.3333333333,195,195
prompt,smoke-short,49,,1,1,0,100.0,0,0,32,,200000,,-124692,-62.346,63600,84.453178945132,503.1446540880503,589824,11600,11600.0,160.0,160.0,160.0,,,0.0,0.0,,160.0,424.9216550698465,424.9216550698465,424.9216550698465,0.0,0.0,245.0,650.6612843257025,0.6530612244897959,6250.0,6250.0,2353.375,2353.375,67174400,2099200.0,2099200.0,195,195
