scope,prompt,prompt_bytes,prompts,runs,ok_runs,failed_runs,ok_run_pct,timed_out_runs,nonzero_exit_runs,tokens_median,total_tokens,elapsed_us_median,total_elapsed_us,host_overhead_us_median,host_overhead_pct_median,host_child_cpu_us_median,host_child_cpu_pct_median,host_child_tok_per_cpu_s_median,host_child_peak_rss_bytes_max,ttft_us_median,ttft_us_p95,tok_per_s_min,tok_per_s_p05,tok_per_s_median,tok_per_s_stdev,tok_per_s_cv_pct,tok_per_s_iqr_pct,tok_per_s_p05_p95_spread_pct,tok_per_s_p95,tok_per_s_max,wall_tok_per_s_p05,wall_tok_per_s_median,wall_tok_per_s_p95,wall_tok_per_s_iqr_pct,wall_tok_per_s_p05_p95_spread_pct,prompt_bytes_per_s_median,wall_prompt_bytes_per_s_median,tokens_per_prompt_byte_median,us_per_token_median,us_per_token_p95,wall_us_per_token_median,wall_us_per_token_p95,memory_bytes_max,memory_bytes_per_token_median,memory_bytes_per_token_max,serial_output_bytes_total,serial_output_bytes_max,serial_output_lines_total,serial_output_lines_max,guest_prompt_sha256_records,guest_prompt_sha256_matches,guest_prompt_sha256_mismatches,guest_prompt_bytes_records,guest_prompt_bytes_matches,guest_prompt_bytes_mismatches
suite,,240,2,4,4,0,100.0,0,0,,160,,1000000,-193714.0,-77.11041666666667,44456.0,87.49282527839458,869.0941054666213,589824,12000.0,12400.0,160.0,160.0,160.0,0.0,0.0,0.0,0.0,160.0,160.0,629.7617275558986,703.7346424049676,936.410769591163,24.386160343879794,43.57452703867344,240.83333333333331,1057.7653055158185,0.6645587812589824,6250.0,6250.0,1430.5989583333335,1588.0859375,67207168,1749674.6666666665,2099200.0,860,215,4,1,4,4,0,4,4,0
prompt,smoke-code,71,,2,2,0,100.0,0,0,48.0,,300000.0,,-243668.0,-81.22266666666667,46140.0,82.69973755380907,1041.897771402345,589824,12400.0,12400.0,160.0,160.0,160.0,0.0,0.0,0.0,0.0,,160.0,771.7034491332872,864.3513168908423,956.9991846483974,11.90974934317973,21.437548817723492,236.66666666666666,1278.5196562343708,0.676056338028169,6250.0,6250.0,1173.5833333333335,1299.3770833333333,67207168,1400149.3333333333,1400149.3333333333,430,215,2,1,2,2,0,2,2,0
prompt,smoke-short,49,,2,2,0,100.0,0,0,32.0,,200000.0,,-149711.5,-74.85575,43997.5,87.49282527839458,727.4380800368262,573440,11600.0,11600.0,160.0,160.0,160.0,0.0,0.0,0.0,0.0,,160.0,627.8442786559731,636.4727987056378,645.1013187553026,1.506308599381568,2.7113554788868077,245.0,974.5989730180079,0.6530612244897959,6250.0,6250.0,1571.515625,1592.8203125,67174400,2099200.0,2099200.0,430,215,2,1,2,2,0,2,2,0
