scope,prompt,prompt_bytes,prompts,runs,ok_runs,failed_runs,ok_run_pct,timed_out_runs,nonzero_exit_runs,tokens_median,total_tokens,elapsed_us_median,total_elapsed_us,host_overhead_us_median,host_overhead_pct_median,host_child_cpu_us_median,host_child_cpu_pct_median,host_child_tok_per_cpu_s_median,host_child_peak_rss_bytes_max,ttft_us_median,ttft_us_p95,tok_per_s_min,tok_per_s_p05,tok_per_s_median,tok_per_s_stdev,tok_per_s_cv_pct,tok_per_s_iqr_pct,tok_per_s_p05_p95_spread_pct,tok_per_s_p95,tok_per_s_max,wall_tok_per_s_p05,wall_tok_per_s_median,wall_tok_per_s_p95,wall_tok_per_s_iqr_pct,wall_tok_per_s_p05_p95_spread_pct,prompt_bytes_per_s_median,wall_prompt_bytes_per_s_median,tokens_per_prompt_byte_median,us_per_token_median,us_per_token_p95,wall_us_per_token_median,wall_us_per_token_p95,memory_bytes_max,serial_output_bytes_total,serial_output_bytes_max
suite,,360,2,6,6,0,100.0,0,0,,240,,1500000,-180429.5,-73.0995,49215.0,84.47189129995255,769.3308350086106,10354688,12000.0,12400.0,160.0,160.0,160.0,0.0,0.0,0.0,0.0,160.0,160.0,563.7134686193758,594.8180237988673,770.9229509475512,8.509802437462554,34.83577733653906,240.83333333333331,910.8150989420155,0.6645587812589824,6250.0,6250.0,1681.28125,1774.203125,67207168,660,110
prompt,smoke-code,71,,3,3,0,100.0,0,0,48,,300000,,-224994,-74.998,51272,68.3571980908194,936.183491964425,655360,12400,12400.0,160.0,160.0,160.0,0.0,0.0,0.0,0.0,,160.0,567.8202209581771,639.9488040956724,797.1177803179269,19.90589437191828,35.8306098694529,236.66666666666666,946.5909393915153,0.676056338028169,6250.0,6250.0,1562.625,1763.9624999999999,67207168,330,110
prompt,smoke-short,49,,3,3,0,100.0,0,0,32,,200000,,-145795,-72.8975,45624,84.77442552952414,701.3852358407855,10354688,11600,11600.0,160.0,160.0,160.0,0.0,0.0,0.0,0.0,,160.0,576.9276097433002,590.3514435937644,598.3912879629496,2.019858815791849,3.6357458684253006,245.0,903.9756480029517,0.6530612244897959,6250.0,6250.0,1693.90625,1733.421875,67174400,330,110
