scope,prompt,prompt_bytes,prompts,runs,ok_runs,failed_runs,ok_run_pct,timed_out_runs,nonzero_exit_runs,tokens_median,total_tokens,elapsed_us_median,total_elapsed_us,host_overhead_us_median,host_overhead_pct_median,host_child_cpu_us_median,host_child_cpu_pct_median,host_child_tok_per_cpu_s_median,host_child_peak_rss_bytes_max,ttft_us_median,ttft_us_p95,tok_per_s_min,tok_per_s_p05,tok_per_s_median,tok_per_s_stdev,tok_per_s_cv_pct,tok_per_s_iqr_pct,tok_per_s_p05_p95_spread_pct,tok_per_s_p95,tok_per_s_max,wall_tok_per_s_p05,wall_tok_per_s_median,wall_tok_per_s_p95,wall_tok_per_s_iqr_pct,wall_tok_per_s_p05_p95_spread_pct,prompt_bytes_per_s_median,wall_prompt_bytes_per_s_median,tokens_per_prompt_byte_median,us_per_token_median,us_per_token_p95,wall_us_per_token_median,wall_us_per_token_p95,memory_bytes_max,memory_bytes_per_token_median,memory_bytes_per_token_max,serial_output_bytes_total,serial_output_bytes_max
suite,,120,2,2,2,0,100.0,0,0,,80,,500000,-181193.0,-70.98208333333334,58843.0,85.54990374420052,689.2967648823636,17563648,12000.0,12360.0,160.0,160.0,160.0,0.0,0.0,0.0,0.0,160.0,160.0,453.64871110070413,590.5789355785403,727.5091600563763,25.761957411369405,46.37152334046494,240.83333333333331,884.9822339212333,0.6645587812589824,6250.0,6250.0,1813.6197916666665,2234.1213541666666,67207168,1749674.6666666665,2099200.0,430,215
prompt,smoke-code,71,,1,1,0,100.0,0,0,48,,300000,,-235373,-78.45766666666667,55618,86.0600058798954,863.0299543313316,17563648,12400,12400.0,160.0,160.0,160.0,,,0.0,0.0,,160.0,742.7236294428026,742.7236294428026,742.7236294428026,0.0,0.0,236.66666666666666,1098.6120352174787,0.676056338028169,6250.0,6250.0,1346.3958333333333,1346.3958333333333,67207168,1400149.3333333333,1400149.3333333333,215,215
prompt,smoke-short,49,,1,1,0,100.0,0,0,32,,200000,,-127013,-63.5065,62068,85.03980160850563,515.5635754333956,589824,11600,11600.0,160.0,160.0,160.0,,,0.0,0.0,,160.0,438.4342417142779,438.4342417142779,438.4342417142779,0.0,0.0,245.0,671.352432624988,0.6530612244897959,6250.0,6250.0,2280.84375,2280.84375,67174400,2099200.0,2099200.0,215,215
