scope,prompt,prompt_bytes,prompts,runs,ok_runs,failed_runs,ok_run_pct,timed_out_runs,nonzero_exit_runs,tokens_median,total_tokens,elapsed_us_median,total_elapsed_us,host_overhead_us_median,host_overhead_pct_median,host_child_cpu_us_median,host_child_cpu_pct_median,host_child_tok_per_cpu_s_median,host_child_peak_rss_bytes_max,ttft_us_median,ttft_us_p95,tok_per_s_min,tok_per_s_p05,tok_per_s_median,tok_per_s_stdev,tok_per_s_cv_pct,tok_per_s_iqr_pct,tok_per_s_p05_p95_spread_pct,tok_per_s_p95,tok_per_s_max,wall_tok_per_s_p05,wall_tok_per_s_median,wall_tok_per_s_p95,wall_tok_per_s_iqr_pct,wall_tok_per_s_p05_p95_spread_pct,prompt_bytes_per_s_median,wall_prompt_bytes_per_s_median,tokens_per_prompt_byte_median,us_per_token_median,us_per_token_p95,wall_us_per_token_median,wall_us_per_token_p95,memory_bytes_max,serial_output_bytes_total,serial_output_bytes_max
suite,,360,2,6,6,0,100.0,0,0,,240,,1500000,-196031.5,-77.76283333333333,47656.0,81.56673962764935,888.5403721178727,11436032,12000.0,12400.0,160.0,160.0,160.0,0.0,0.0,0.0,0.0,160.0,160.0,110.04220693539037,735.2091577769072,969.3593165837913,72.06857982127607,116.88063193428736,240.83333333333331,1103.845724329256,0.6645587812589824,6250.0,6250.0,1389.8229166666665,13155.8125,67207168,660,110
prompt,smoke-code,71,,3,3,0,100.0,0,0,48,,300000,,-246083,-82.02766666666666,46320,85.90982435966393,1036.2694300518135,573440,12400,12400.0,160.0,160.0,160.0,0.0,0.0,0.0,0.0,,160.0,847.3861214598775,890.2572472504035,985.1797304504687,8.598863444381607,15.477954199886888,236.66666666666666,1316.8388448912217,0.676056338028169,6250.0,6250.0,1123.2708333333333,1180.4208333333333,67207168,330,110
prompt,smoke-short,49,,3,3,0,100.0,0,0,32,,200000,,-74703,-37.3515,51639,41.21327725324629,619.6866709270125,11436032,11600,11600.0,160.0,160.0,160.0,0.0,0.0,0.0,0.0,,160.0,80.9720111643561,255.39318579056163,590.5554058426519,110.84942813021948,199.52897063439508,245.0,391.0708157417975,0.6530612244897959,6250.0,6250.0,3915.53125,15003.86875,67174400,330,110
