scope,prompt,prompt_bytes,prompts,runs,ok_runs,failed_runs,ok_run_pct,timed_out_runs,nonzero_exit_runs,tokens_median,total_tokens,elapsed_us_median,total_elapsed_us,host_overhead_us_median,host_overhead_pct_median,host_child_cpu_us_median,host_child_cpu_pct_median,host_child_tok_per_cpu_s_median,host_child_peak_rss_bytes_max,ttft_us_median,ttft_us_p95,tok_per_s_min,tok_per_s_p05,tok_per_s_median,tok_per_s_stdev,tok_per_s_cv_pct,tok_per_s_iqr_pct,tok_per_s_p05_p95_spread_pct,tok_per_s_p95,tok_per_s_max,wall_tok_per_s_p05,wall_tok_per_s_median,wall_tok_per_s_p95,wall_tok_per_s_iqr_pct,wall_tok_per_s_p05_p95_spread_pct,us_per_token_median,us_per_token_p95,wall_us_per_token_median,wall_us_per_token_p95,memory_bytes_max
suite,,360,2,6,6,0,100.0,0,0,,240,,1500000,-199622.5,-79.37733333333333,40951.5,86.41080985137225,923.699982266683,12369920,12000.0,12400.0,160.0,160.0,160.0,0.0,0.0,0.0,0.0,160.0,160.0,467.8120276669399,786.125813946996,1030.4949168709084,38.73963640771538,71.57669665862251,6250.0,6250.0,1288.9166666666665,2250.71875,67207168
prompt,smoke-code,71,,3,3,0,100.0,0,0,48,,300000,,-252969,-84.323,40632,85.83274861261721,1181.3349084465447,589824,12400,12400.0,160.0,160.0,160.0,0.0,0.0,0.0,0.0,,160.0,890.4822218850381,1020.6034317790394,1032.473213889282,7.729141602953226,13.912454885315825,6250.0,6250.0,979.8125,1125.35,67207168
prompt,smoke-short,49,,3,3,0,100.0,0,0,32,,200000,,-152556,-76.278,41271,86.9888710901273,775.3628455816432,12369920,11600,11600.0,160.0,160.0,160.0,0.0,0.0,0.0,0.0,,160.0,426.4785559555762,674.4793862237585,694.0525250198347,22.03954754910534,39.67118558838962,6250.0,6250.0,1482.625,2404.3374999999996,67174400
