scope,prompt,prompt_bytes,prompts,runs,ok_runs,failed_runs,timed_out_runs,nonzero_exit_runs,tokens_median,total_tokens,elapsed_us_median,total_elapsed_us,host_overhead_us_median,host_overhead_pct_median,host_child_cpu_us_median,host_child_cpu_pct_median,host_child_tok_per_cpu_s_median,host_child_peak_rss_bytes_max,ttft_us_median,ttft_us_p95,tok_per_s_min,tok_per_s_p05,tok_per_s_median,tok_per_s_stdev,tok_per_s_cv_pct,tok_per_s_iqr_pct,tok_per_s_p05_p95_spread_pct,tok_per_s_p95,tok_per_s_max,wall_tok_per_s_p05,wall_tok_per_s_median,wall_tok_per_s_p95,wall_tok_per_s_iqr_pct,wall_tok_per_s_p05_p95_spread_pct,us_per_token_median,us_per_token_p95,wall_us_per_token_median,wall_us_per_token_p95,memory_bytes_max
suite,,360,2,6,6,0,0,0,,240,,1500000,-161821.5,-61.885416666666664,44549.0,55.49470598362777,848.5404279038496,10698752,12000.0,12400.0,160.0,160.0,160.0,0.0,0.0,0.0,0.0,160.0,160.0,104.21837556664352,487.6212270081674,1042.1074723995791,122.72889965407781,192.33967778380295,6250.0,6250.0,2382.1614583333335,17007.40625,67207168
prompt,smoke-code,71,,3,3,0,0,0,48,,300000,,-249678,-83.226,41752,82.96967529112516,1149.645525962828,573440,12400,12400.0,160.0,160.0,160.0,0.0,0.0,0.0,0.0,,160.0,697.9297909722934,953.8571598903064,1059.7575349014335,21.07395339120624,37.93311610417122,6250.0,6250.0,1048.375,1449.1375,67207168
prompt,smoke-short,49,,3,3,0,0,0,32,,200000,,-84547,-42.2735,44560,38.57673685395789,718.132854578097,10698752,11600,11600.0,160.0,160.0,160.0,0.0,0.0,0.0,0.0,,160.0,69.62823778641379,277.1690644677921,302.8910400782178,46.755017904506346,84.1590322281114,6250.0,6250.0,3607.90625,19687.306249999998,67174400
