scope,prompt,prompt_bytes,prompts,runs,ok_runs,failed_runs,ok_run_pct,timed_out_runs,nonzero_exit_runs,tokens_median,total_tokens,elapsed_us_median,total_elapsed_us,host_overhead_us_median,host_overhead_pct_median,host_child_cpu_us_median,host_child_cpu_pct_median,host_child_tok_per_cpu_s_median,host_child_peak_rss_bytes_max,ttft_us_median,ttft_us_p95,tok_per_s_min,tok_per_s_p05,tok_per_s_median,tok_per_s_stdev,tok_per_s_cv_pct,tok_per_s_iqr_pct,tok_per_s_p05_p95_spread_pct,tok_per_s_p95,tok_per_s_max,wall_tok_per_s_p05,wall_tok_per_s_median,wall_tok_per_s_p95,wall_tok_per_s_iqr_pct,wall_tok_per_s_p05_p95_spread_pct,prompt_bytes_per_s_median,wall_prompt_bytes_per_s_median,tokens_per_prompt_byte_median,us_per_token_median,us_per_token_p95,wall_us_per_token_median,wall_us_per_token_p95,memory_bytes_max,memory_bytes_per_token_median,memory_bytes_per_token_max,serial_output_bytes_total,serial_output_bytes_max,serial_output_lines_total,serial_output_lines_max,guest_prompt_sha256_records,guest_prompt_sha256_matches,guest_prompt_sha256_mismatches,guest_prompt_bytes_records,guest_prompt_bytes_matches,guest_prompt_bytes_mismatches
suite,,240,2,4,4,0,100.0,0,0,,160,,1000000,-27032.0,-13.516,68935.5,31.775089872578448,579.3968985527092,15532032,12000.0,12400.0,160.0,160.0,160.0,0.0,0.0,0.0,0.0,160.0,160.0,144.77222192028677,191.84047572054223,229.35025214943605,39.615078755090714,44.08768791438766,240.83333333333331,288.94666350576165,0.6645587812589824,6250.0,6250.0,5405.25,6913.865104166667,67207168,1749674.6666666665,2099200.0,860,215,4,1,4,4,0,4,4,0
prompt,smoke-code,71,,2,2,0,100.0,0,0,48.0,,300000.0,,-27460.0,-9.153333333333332,66387.5,25.477364952243004,724.5837508061443,15532032,12400.0,12400.0,160.0,160.0,160.0,0.0,0.0,0.0,0.0,,160.0,147.19244746712974,186.21784197268244,225.24323647823513,23.285389300653115,41.91370074117559,236.66666666666666,275.4472245845928,0.676056338028169,6250.0,6250.0,5677.916666666667,6867.829166666666,67207168,1400149.3333333333,1400149.3333333333,430,215,2,1,2,2,0,2,2,0
prompt,smoke-short,49,,2,2,0,100.0,0,0,32.0,,200000.0,,-27032.0,-13.516,69887.0,42.064837753394336,458.08744670029466,589824,11600.0,11600.0,160.0,160.0,160.0,0.0,0.0,0.0,0.0,,160.0,159.25028723122637,191.84047572054223,224.4306642098581,18.875745802691824,33.9763424448453,245.0,293.7557284470803,0.6530612244897959,6250.0,6250.0,5405.25,6323.503125,67174400,2099200.0,2099200.0,430,215,2,1,2,2,0,2,2,0
