scope,prompt,prompt_bytes,prompts,runs,ok_runs,tokens_median,total_tokens,elapsed_us_median,total_elapsed_us,host_overhead_us_median,host_overhead_pct_median,host_child_cpu_us_median,host_child_cpu_pct_median,host_child_tok_per_cpu_s_median,host_child_peak_rss_bytes_max,ttft_us_median,ttft_us_p95,tok_per_s_min,tok_per_s_p05,tok_per_s_median,tok_per_s_stdev,tok_per_s_cv_pct,tok_per_s_p05_p95_spread_pct,tok_per_s_p95,tok_per_s_max,wall_tok_per_s_median,wall_tok_per_s_p95,us_per_token_median,us_per_token_p95,wall_us_per_token_median,wall_us_per_token_p95,memory_bytes_max
suite,,360,2,6,6,,240,,1500000,-191619.0,-75.88941666666668,48669.0,82.24585546825014,829.9444491447433,13303808,12000.0,12400.0,160.0,160.0,160.0,0.0,0.0,0.0,160.0,160.0,680.4301818966356,862.2260746182633,6250.0,6250.0,1506.9114583333335,14508.5546875,67207168
prompt,smoke-code,71,,3,3,48,,300000,,-243326,-81.10866666666666,48111,84.89077884038537,997.6928353183264,4079616,12400,12400.0,160.0,160.0,160.0,0.0,0.0,0.0,,160.0,846.9492183364506,865.2814458746258,6250.0,6250.0,1180.7083333333333,1261.0520833333335,67207168
prompt,smoke-short,49,,3,3,32,,200000,,-75810,-37.905,52971,42.65319268862227,604.104132449831,13303808,11600,11600.0,160.0,160.0,160.0,0.0,0.0,0.0,,160.0,257.66969965375637,541.8682548425327,6250.0,6250.0,3880.9375,16634.078125,67174400
