scope,prompt,prompt_bytes,prompts,runs,ok_runs,tokens_median,total_tokens,elapsed_us_median,total_elapsed_us,host_overhead_us_median,host_overhead_pct_median,host_child_cpu_us_median,host_child_cpu_pct_median,ttft_us_median,ttft_us_p95,tok_per_s_min,tok_per_s_p05,tok_per_s_median,tok_per_s_stdev,tok_per_s_cv_pct,tok_per_s_p05_p95_spread_pct,tok_per_s_p95,tok_per_s_max,wall_tok_per_s_median,wall_tok_per_s_p95,us_per_token_median,us_per_token_p95,wall_us_per_token_median,wall_us_per_token_p95,memory_bytes_max
suite,,360,2,6,6,,240,,1500000,-187383.5,-74.88941666666668,43235.5,71.32540836943554,12000.0,12400.0,160.0,160.0,160.0,0.0,0.0,0.0,160.0,160.0,637.2849749441228,1088.2264708525418,6250.0,6250.0,1569.4114583333335,18024.546875,67207168
prompt,smoke-code,71,,3,3,48,,300000,,-253141,-84.38033333333334,40025,89.47053927740669,12400,12400.0,160.0,160.0,160.0,0.0,0.0,0.0,,160.0,1024.349644678717,1101.0018360873069,6250.0,6250.0,976.2291666666666,1492.0979166666666,67207168
prompt,smoke-short,49,,3,3,32,,200000,,-113371,-56.6855,45443,55.067009892761085,11600,11600.0,160.0,160.0,160.0,0.0,0.0,0.0,,160.0,369.39131237807203,603.1883202038125,6250.0,6250.0,2707.15625,21088.024999999998,67174400
