scope,prompt,prompt_bytes,prompts,runs,ok_runs,failed_runs,ok_run_pct,timed_out_runs,nonzero_exit_runs,tokens_median,total_tokens,elapsed_us_median,total_elapsed_us,host_overhead_us_median,host_overhead_pct_median,host_child_cpu_us_median,host_child_cpu_pct_median,host_child_tok_per_cpu_s_median,host_child_peak_rss_bytes_max,ttft_us_median,ttft_us_p95,tok_per_s_min,tok_per_s_p05,tok_per_s_median,tok_per_s_stdev,tok_per_s_cv_pct,tok_per_s_iqr_pct,tok_per_s_p05_p95_spread_pct,tok_per_s_p95,tok_per_s_max,wall_tok_per_s_p05,wall_tok_per_s_median,wall_tok_per_s_p95,wall_tok_per_s_iqr_pct,wall_tok_per_s_p05_p95_spread_pct,prompt_bytes_per_s_median,wall_prompt_bytes_per_s_median,tokens_per_prompt_byte_median,us_per_token_median,us_per_token_p95,wall_us_per_token_median,wall_us_per_token_p95,memory_bytes_max,memory_bytes_per_token_median,memory_bytes_per_token_max,serial_output_bytes_total,serial_output_bytes_max
suite,,120,2,2,2,0,100.0,0,0,,80,,500000,712134.0,375.54600000000005,61777.5,39.767234413273684,697.0406206856337,17547264,12000.0,12360.0,160.0,160.0,160.0,0.0,0.0,0.0,0.0,160.0,160.0,52.58685982878468,370.8645509599444,689.142242091104,95.35607491178561,171.6409348412141,240.83333333333331,549.0189887096396,0.6645587812589824,6250.0,6250.0,29721.625,55228.862499999996,67207168,1749674.6666666665,2099200.0,430,215
prompt,smoke-code,71,,1,1,0,100.0,0,0,48,,300000,,-233748,-77.916,50073,75.57960514399565,958.600443352705,573440,12400,12400.0,160.0,160.0,160.0,,,0.0,0.0,,160.0,724.5064299945662,724.5064299945662,724.5064299945662,0.0,0.0,236.66666666666666,1071.6657610336292,0.676056338028169,6250.0,6250.0,1380.25,1380.25,67207168,1400149.3333333333,1400149.3333333333,215,215
prompt,smoke-short,49,,1,1,0,100.0,0,0,32,,200000,,1658016,829.008,73482,3.954863682551711,435.4807980185624,17547264,11600,11600.0,160.0,160.0,160.0,,,0.0,0.0,,160.0,17.222671925322494,17.222671925322494,17.222671925322494,0.0,0.0,245.0,26.37221638565007,0.6530612244897959,6250.0,6250.0,58063.0,58063.0,67174400,2099200.0,2099200.0,215,215
