scope,prompt,prompt_bytes,prompts,runs,ok_runs,failed_runs,ok_run_pct,timed_out_runs,nonzero_exit_runs,tokens_median,total_tokens,elapsed_us_median,total_elapsed_us,host_overhead_us_median,host_overhead_pct_median,host_child_cpu_us_median,host_child_cpu_pct_median,host_child_tok_per_cpu_s_median,host_child_peak_rss_bytes_max,ttft_us_median,ttft_us_p95,tok_per_s_min,tok_per_s_p05,tok_per_s_median,tok_per_s_stdev,tok_per_s_cv_pct,tok_per_s_iqr_pct,tok_per_s_p05_p95_spread_pct,tok_per_s_p95,tok_per_s_max,wall_tok_per_s_p05,wall_tok_per_s_median,wall_tok_per_s_p95,wall_tok_per_s_iqr_pct,wall_tok_per_s_p05_p95_spread_pct,prompt_bytes_per_s_median,wall_prompt_bytes_per_s_median,tokens_per_prompt_byte_median,us_per_token_median,us_per_token_p95,wall_us_per_token_median,wall_us_per_token_p95,memory_bytes_max,serial_output_bytes_total,serial_output_bytes_max
suite,,240,2,4,4,0,100.0,0,0,,160,,1000000,-175916.5,-68.16966666666667,47065.0,66.61370253231435,859.4626586097987,13336576,12000.0,12400.0,160.0,160.0,160.0,0.0,0.0,0.0,0.0,160.0,160.0,121.40910157501375,570.6232093947341,937.1490076021428,90.7659542144121,142.95596333916959,240.83333333333331,853.7786223805535,0.6645587812589824,6250.0,6250.0,1989.3958333333335,11456.570312500002,67207168,440,110
prompt,smoke-code,71,,2,2,0,100.0,0,0,48.0,,300000.0,,-243914.5,-81.30483333333333,43877.5,79.06726558007409,1094.5632008687555,573440,12400.0,12400.0,160.0,160.0,160.0,0.0,0.0,0.0,0.0,,160.0,777.5222832679902,867.312315705951,957.1023481439117,11.502973139224933,20.705351650604875,236.66666666666666,1282.8994669817191,0.676056338028169,6250.0,6250.0,1168.4479166666667,1289.4135416666668,67207168,220,110
prompt,smoke-short,49,,2,2,0,100.0,0,0,32.0,,200000.0,,50912.5,25.456249999999997,50902.0,36.618213620925275,629.347810929406,13336576,11600.0,11600.0,160.0,160.0,160.0,0.0,0.0,0.0,0.0,,160.0,91.72772460826684,225.29392095862792,358.860117308989,65.87256513724904,118.57061724704826,245.0,344.98131646789903,0.6530612244897959,6250.0,6250.0,7841.015625,12489.5859375,67174400,220,110
