scope,prompt,prompt_bytes,prompts,runs,ok_runs,failed_runs,ok_run_pct,timed_out_runs,nonzero_exit_runs,tokens_median,total_tokens,elapsed_us_median,total_elapsed_us,host_overhead_us_median,host_overhead_pct_median,host_child_cpu_us_median,host_child_cpu_pct_median,host_child_tok_per_cpu_s_median,host_child_peak_rss_bytes_max,ttft_us_median,ttft_us_p95,tok_per_s_min,tok_per_s_p05,tok_per_s_median,tok_per_s_stdev,tok_per_s_cv_pct,tok_per_s_iqr_pct,tok_per_s_p05_p95_spread_pct,tok_per_s_p95,tok_per_s_max,wall_tok_per_s_p05,wall_tok_per_s_median,wall_tok_per_s_p95,wall_tok_per_s_iqr_pct,wall_tok_per_s_p05_p95_spread_pct,prompt_bytes_per_s_median,wall_prompt_bytes_per_s_median,tokens_per_prompt_byte_median,us_per_token_median,us_per_token_p95,wall_us_per_token_median,wall_us_per_token_p95,memory_bytes_max,memory_bytes_per_token_median,memory_bytes_per_token_max,serial_output_bytes_total,serial_output_bytes_max
suite,,360,2,6,6,0,100.0,0,0,,240,,1500000,-145315.5,-57.02408333333334,68680.0,70.77391335916201,577.2327499518412,589824,12000.0,12400.0,160.0,160.0,160.0,0.0,0.0,0.0,0.0,160.0,160.0,315.99138204973536,378.5251105099187,820.6936649782306,71.19252949783957,133.3338975183445,240.83333333333331,568.4951832479493,0.6645587812589824,6250.0,6250.0,2685.994791666667,3165.0,67207168,1749674.6666666665,2099200.0,660,110
prompt,smoke-code,71,,3,3,0,100.0,0,0,48,,300000,,-226016,-75.33866666666667,55948,75.62175605536332,857.9395152641739,589824,12400,12400.0,160.0,160.0,160.0,0.0,0.0,0.0,0.0,,160.0,449.23420786933394,648.7889273356401,855.0746125067485,34.75196353784084,62.553534368113496,236.66666666666666,959.666955017301,0.676056338028169,6250.0,6250.0,1541.3333333333333,2261.5583333333334,67207168,1400149.3333333333,1400149.3333333333,330,110
prompt,smoke-short,49,,3,3,0,100.0,0,0,32,,200000,,-100571,-50.2855,69002,70.39193796578463,463.75467377757167,557056,11600,11600.0,160.0,160.0,160.0,0.0,0.0,0.0,0.0,,160.0,314.82211981401565,321.83769322833376,329.17365310491704,2.477358686772611,4.459245636190731,245.0,492.8139677558861,0.6530612244897959,6250.0,6250.0,3107.15625,3176.56875,67174400,2099200.0,2099200.0,330,110
