scope,prompt,prompt_bytes,prompts,runs,ok_runs,failed_runs,ok_run_pct,timed_out_runs,nonzero_exit_runs,tokens_median,total_tokens,elapsed_us_median,total_elapsed_us,host_overhead_us_median,host_overhead_pct_median,host_child_cpu_us_median,host_child_cpu_pct_median,host_child_tok_per_cpu_s_median,host_child_peak_rss_bytes_max,ttft_us_median,ttft_us_p95,tok_per_s_min,tok_per_s_p05,tok_per_s_median,tok_per_s_stdev,tok_per_s_cv_pct,tok_per_s_iqr_pct,tok_per_s_p05_p95_spread_pct,tok_per_s_p95,tok_per_s_max,wall_tok_per_s_p05,wall_tok_per_s_median,wall_tok_per_s_p95,wall_tok_per_s_iqr_pct,wall_tok_per_s_p05_p95_spread_pct,prompt_bytes_per_s_median,wall_prompt_bytes_per_s_median,us_per_token_median,us_per_token_p95,wall_us_per_token_median,wall_us_per_token_p95,memory_bytes_max,serial_output_bytes_total,serial_output_bytes_max
suite,,240,2,4,4,0,100.0,0,0,,160,,1000000,-159950.0,-63.66108333333334,45848.0,51.959051957701554,867.9451389692463,15024128,12000.0,12400.0,160.0,160.0,160.0,0.0,0.0,0.0,0.0,160.0,160.0,185.9237374678871,441.148757360237,681.5047124853697,39.235753747826315,112.33874441423325,240.83333333333331,663.5166714447889,6250.0,6250.0,2271.182291666667,6246.126562500001,67207168,440,110
prompt,smoke-code,71,,2,2,0,100.0,0,0,48.0,,300000.0,,-214573.5,-71.5245,45825.5,55.99181006770553,1048.453516049313,458752,12400.0,12400.0,160.0,160.0,160.0,0.0,0.0,0.0,0.0,,160.0,473.50662948929886,590.5055511745887,707.5044728598785,22.014831463304695,39.626696633948484,236.66666666666666,873.4561277790792,6250.0,6250.0,1779.71875,2132.3406250000003,67207168,220,110
prompt,smoke-short,49,,2,2,0,100.0,0,0,32.0,,200000.0,,-51186.5,-25.593249999999998,47682.5,40.77617395683674,674.1965456507992,15024128,11600.0,11600.0,160.0,160.0,160.0,0.0,0.0,0.0,0.0,,160.0,158.17467535605857,283.04545485928696,407.9162343625153,49.01873821931477,88.23372879476659,245.0,433.41335275328316,6250.0,6250.0,4650.421875,6702.0421875,67174400,220,110
