scope,prompt,prompt_bytes,prompts,runs,ok_runs,failed_runs,ok_run_pct,timed_out_runs,nonzero_exit_runs,tokens_median,total_tokens,elapsed_us_median,total_elapsed_us,host_overhead_us_median,host_overhead_pct_median,host_child_cpu_us_median,host_child_cpu_pct_median,host_child_tok_per_cpu_s_median,host_child_peak_rss_bytes_max,ttft_us_median,ttft_us_p95,tok_per_s_min,tok_per_s_p05,tok_per_s_median,tok_per_s_stdev,tok_per_s_cv_pct,tok_per_s_iqr_pct,tok_per_s_p05_p95_spread_pct,tok_per_s_p95,tok_per_s_max,wall_tok_per_s_p05,wall_tok_per_s_median,wall_tok_per_s_p95,wall_tok_per_s_iqr_pct,wall_tok_per_s_p05_p95_spread_pct,prompt_bytes_per_s_median,wall_prompt_bytes_per_s_median,tokens_per_prompt_byte_median,us_per_token_median,us_per_token_p95,wall_us_per_token_median,wall_us_per_token_p95,memory_bytes_max,memory_bytes_per_token_median,memory_bytes_per_token_max,serial_output_bytes_total,serial_output_bytes_max
suite,,240,2,4,4,0,100.0,0,0,,160,,1000000,1260273.0,525.3695833333334,80438.0,5.3317483768909755,497.6091822718736,18038784,12000.0,12400.0,160.0,160.0,160.0,0.0,0.0,0.0,0.0,160.0,160.0,12.217747619079102,26.346117302462304,67.91353754537944,86.17411645007681,211.4003717773435,240.83333333333331,39.539770830006674,0.6645587812589824,6250.0,6250.0,39085.598958333336,87697.79375000001,67207168,1749674.6666666665,2099200.0,860,215
prompt,smoke-code,71,,2,2,0,100.0,0,0,48.0,,300000.0,,800928.0,266.976,77274.0,8.342824802370712,622.0423304727015,17399808,12400.0,12400.0,160.0,160.0,160.0,0.0,0.0,0.0,0.0,,160.0,33.00620574975387,52.64157988479325,72.27695401983263,41.444581298686195,74.60024633763516,236.66666666666666,77.86567024625668,0.676056338028169,6250.0,6250.0,22936.0,31491.15625,67207168,1400149.3333333333,1400149.3333333333,430,215
prompt,smoke-short,49,,2,2,0,100.0,0,0,32.0,,200000.0,,2053335.0,1026.6675,86590.0,4.276810251284267,371.2743884421383,18038784,11600.0,11600.0,160.0,160.0,160.0,0.0,0.0,0.0,0.0,,160.0,11.082454739865192,16.191272696327786,21.30009065279038,35.05879063698916,63.1058231465805,245.0,24.792886316251927,0.6530612244897959,6250.0,6250.0,70416.71875,92635.24375,67174400,2099200.0,2099200.0,430,215
