scope,prompt,prompt_bytes,prompts,runs,ok_runs,failed_runs,ok_run_pct,timed_out_runs,nonzero_exit_runs,tokens_median,total_tokens,elapsed_us_median,total_elapsed_us,host_overhead_us_median,host_overhead_pct_median,host_child_cpu_us_median,host_child_cpu_pct_median,host_child_tok_per_cpu_s_median,host_child_peak_rss_bytes_max,ttft_us_median,ttft_us_p95,tok_per_s_min,tok_per_s_p05,tok_per_s_median,tok_per_s_stdev,tok_per_s_cv_pct,tok_per_s_iqr_pct,tok_per_s_p05_p95_spread_pct,tok_per_s_p95,tok_per_s_max,wall_tok_per_s_p05,wall_tok_per_s_median,wall_tok_per_s_p95,wall_tok_per_s_iqr_pct,wall_tok_per_s_p05_p95_spread_pct,prompt_bytes_per_s_median,wall_prompt_bytes_per_s_median,tokens_per_prompt_byte_median,us_per_token_median,us_per_token_p95,wall_us_per_token_median,wall_us_per_token_p95,memory_bytes_max,memory_bytes_per_token_median,memory_bytes_per_token_max,serial_output_bytes_total,serial_output_bytes_max,guest_prompt_sha256_records,guest_prompt_sha256_matches,guest_prompt_sha256_mismatches,guest_prompt_bytes_records,guest_prompt_bytes_matches,guest_prompt_bytes_mismatches
suite,,240,2,4,4,0,100.0,0,0,,160,,1000000,1152038.0,464.5324166666667,61849.5,4.765434916416213,631.6470055206804,18497536,12000.0,12400.0,160.0,160.0,160.0,0.0,0.0,0.0,0.0,160.0,160.0,16.20165013170619,28.372793299478296,320.4105359734607,319.99653190450334,1072.1851832873579,240.83333333333331,42.682638961239235,0.6645587812589824,6250.0,6250.0,35283.27604166667,65247.395312500004,67207168,1749674.6666666665,2099200.0,860,215,4,4,0,4,4,0
prompt,smoke-code,71,,2,2,0,100.0,0,0,48.0,,300000.0,,583473.5,194.49116666666666,61454.0,24.024866897622008,785.525083374541,18497536,12400.0,12400.0,160.0,160.0,160.0,0.0,0.0,0.0,0.0,,160.0,46.43065260807387,200.54433700110394,354.658021394134,85.38631888788969,153.69537399820138,236.66666666666666,296.6384984807996,0.676056338028169,6250.0,6250.0,18405.697916666668,32550.05104166667,67207168,1400149.3333333333,1400149.3333333333,430,215,2,2,0,2,2,0
prompt,smoke-short,49,,2,2,0,100.0,0,0,32.0,,200000.0,,1508401.5,754.20075,61849.5,4.072223447300607,518.0702543705726,17367040,11600.0,11600.0,160.0,160.0,160.0,0.0,0.0,0.0,0.0,,160.0,14.879647005881111,20.82866107209398,26.77767513830685,31.735192225012675,57.123346005022825,245.0,31.893887266643908,0.6530612244897959,6250.0,6250.0,53387.546875,68635.9234375,67174400,2099200.0,2099200.0,430,215,2,2,0,2,2,0
