scope,prompt,prompt_bytes,prompts,runs,ok_runs,failed_runs,ok_run_pct,timed_out_runs,nonzero_exit_runs,tokens_median,total_tokens,elapsed_us_median,total_elapsed_us,host_overhead_us_median,host_overhead_pct_median,host_child_cpu_us_median,host_child_cpu_pct_median,host_child_tok_per_cpu_s_median,host_child_peak_rss_bytes_max,ttft_us_median,ttft_us_p95,tok_per_s_min,tok_per_s_p05,tok_per_s_median,tok_per_s_stdev,tok_per_s_cv_pct,tok_per_s_iqr_pct,tok_per_s_p05_p95_spread_pct,tok_per_s_p95,tok_per_s_max,wall_tok_per_s_p05,wall_tok_per_s_median,wall_tok_per_s_p95,wall_tok_per_s_iqr_pct,wall_tok_per_s_p05_p95_spread_pct,prompt_bytes_per_s_median,wall_prompt_bytes_per_s_median,tokens_per_prompt_byte_median,us_per_token_median,us_per_token_p95,wall_us_per_token_median,wall_us_per_token_p95,memory_bytes_max,memory_bytes_per_token_median,memory_bytes_per_token_max,serial_output_bytes_total,serial_output_bytes_max,guest_prompt_sha256_records,guest_prompt_sha256_matches,guest_prompt_sha256_mismatches,guest_prompt_bytes_records,guest_prompt_bytes_matches,guest_prompt_bytes_mismatches
suite,,240,2,4,4,0,100.0,0,0,,160,,1000000,-57308.5,-27.23275,53862.5,31.281419425968032,746.7653586783431,6914048,12000.0,12400.0,160.0,160.0,160.0,0.0,0.0,0.0,0.0,160.0,160.0,148.14419789315914,238.18518141817043,318.993921133871,60.235320557149855,71.72978697644464,240.83333333333331,356.79873584113807,0.6645587812589824,6250.0,6250.0,4547.953125,6777.896354166667,67207168,1749674.6666666665,2099200.0,860,215,4,4,0,4,4,0
prompt,smoke-code,71,,2,2,0,100.0,0,0,48.0,,300000.0,,-54335.0,-18.111666666666665,54922.5,25.720535020965002,874.0301873890048,6914048,12400.0,12400.0,160.0,160.0,160.0,0.0,0.0,0.0,0.0,,160.0,151.92281805380625,224.0622673861326,296.2017167184589,35.773512710398315,64.39232287871697,236.66666666666666,331.42543717532106,0.676056338028169,6250.0,6250.0,5118.020833333334,6765.827083333334,67207168,1400149.3333333333,1400149.3333333333,430,215,2,2,0,2,2,0
prompt,smoke-short,49,,2,2,0,100.0,0,0,32.0,,200000.0,,-57308.5,-28.65425,52151.5,40.50240897319298,613.8941356093076,589824,11600.0,11600.0,160.0,160.0,160.0,0.0,0.0,0.0,0.0,,160.0,179.62557295262837,246.87736379767256,314.1291546427168,30.267745450850263,54.481941811530504,245.0,378.0309633151861,0.6530612244897959,6250.0,6250.0,4459.109375,5673.8140625,67174400,2099200.0,2099200.0,430,215,2,2,0,2,2,0
