scope,prompt,prompt_bytes,prompts,runs,ok_runs,failed_runs,ok_run_pct,timed_out_runs,nonzero_exit_runs,tokens_median,total_tokens,elapsed_us_median,total_elapsed_us,host_overhead_us_median,host_overhead_pct_median,host_child_cpu_us_median,host_child_cpu_pct_median,host_child_tok_per_cpu_s_median,host_child_peak_rss_bytes_max,ttft_us_median,ttft_us_p95,tok_per_s_min,tok_per_s_p05,tok_per_s_median,tok_per_s_stdev,tok_per_s_cv_pct,tok_per_s_iqr_pct,tok_per_s_p05_p95_spread_pct,tok_per_s_p95,tok_per_s_max,wall_tok_per_s_p05,wall_tok_per_s_median,wall_tok_per_s_p95,wall_tok_per_s_iqr_pct,wall_tok_per_s_p05_p95_spread_pct,prompt_bytes_per_s_median,wall_prompt_bytes_per_s_median,tokens_per_prompt_byte_median,us_per_token_median,us_per_token_p95,wall_us_per_token_median,wall_us_per_token_p95,memory_bytes_max,memory_bytes_per_token_median,memory_bytes_per_token_max,serial_output_bytes_total,serial_output_bytes_max
suite,,240,2,4,4,0,100.0,0,0,,160,,1000000,-183518.5,-72.3185,57976.0,87.1998566328503,683.0945851572324,589824,12000.0,12400.0,160.0,160.0,160.0,0.0,0.0,0.0,0.0,160.0,160.0,474.87108359065957,601.2629024267237,738.4238158047764,40.65922716830166,43.833193624686686,240.83333333333331,901.9462798047124,0.6645587812589824,6250.0,6250.0,1730.09375,2105.9421875,67207168,1749674.6666666665,2099200.0,860,215
prompt,smoke-code,71,,2,2,0,100.0,0,0,48.0,,300000.0,,-234289.0,-78.09633333333333,57555.0,87.5720887330807,834.6027541711438,573440,12400.0,12400.0,160.0,160.0,160.0,0.0,0.0,0.0,0.0,,160.0,720.6334180500724,730.6405167870934,740.6476155241144,1.5218152211958575,2.7392673981525313,236.66666666666666,1080.7390977475757,0.676056338028169,6250.0,6250.0,1368.9791666666665,1387.7291666666667,67207168,1400149.3333333333,1400149.3333333333,430,215
prompt,smoke-short,49,,2,2,0,100.0,0,0,32.0,,200000.0,,-133078.5,-66.53925,57976.0,86.64518041086116,551.9623890913495,589824,11600.0,11600.0,160.0,160.0,160.0,0.0,0.0,0.0,0.0,,160.0,473.914236170379,478.2200495616414,482.5258629529039,1.0004258721038788,1.8007665697870008,245.0,732.2744508912635,0.6530612244897959,6250.0,6250.0,2091.296875,2110.1265625,67174400,2099200.0,2099200.0,430,215
