scope,prompt,prompt_bytes,prompts,runs,ok_runs,failed_runs,ok_run_pct,timed_out_runs,nonzero_exit_runs,tokens_median,total_tokens,elapsed_us_median,total_elapsed_us,host_overhead_us_median,host_overhead_pct_median,host_child_cpu_us_median,host_child_cpu_pct_median,host_child_tok_per_cpu_s_median,host_child_peak_rss_bytes_max,ttft_us_median,ttft_us_p95,tok_per_s_min,tok_per_s_p05,tok_per_s_median,tok_per_s_stdev,tok_per_s_cv_pct,tok_per_s_iqr_pct,tok_per_s_p05_p95_spread_pct,tok_per_s_p95,tok_per_s_max,wall_tok_per_s_p05,wall_tok_per_s_median,wall_tok_per_s_p95,wall_tok_per_s_iqr_pct,wall_tok_per_s_p05_p95_spread_pct,prompt_bytes_per_s_median,wall_prompt_bytes_per_s_median,tokens_per_prompt_byte_median,us_per_token_median,us_per_token_p95,wall_us_per_token_median,wall_us_per_token_p95,memory_bytes_max,memory_bytes_per_token_median,memory_bytes_per_token_max,serial_output_bytes_total,serial_output_bytes_max,serial_output_lines_total,serial_output_lines_max,guest_prompt_sha256_records,guest_prompt_sha256_matches,guest_prompt_sha256_mismatches,guest_prompt_bytes_records,guest_prompt_bytes_matches,guest_prompt_bytes_mismatches
suite,,240,2,4,4,0,100.0,0,0,,160,,1000000,122257.5,43.711166666666664,64201.5,19.023264630111623,631.2552844417962,18497536,12000.0,12400.0,160.0,160.0,160.0,0.0,0.0,0.0,0.0,160.0,160.0,40.207229899501655,115.08965610636633,226.0985253279058,73.00680824930055,161.51868179760882,240.83333333333331,173.77529330613214,0.6645587812589824,6250.0,6250.0,8981.947916666668,29312.8515625,67207168,1749674.6666666665,2099200.0,860,215,4,1,4,4,0,4,4,0
prompt,smoke-code,71,,2,2,0,100.0,0,0,48.0,,300000.0,,53671.0,17.890333333333334,64201.5,22.06224344666205,749.0632286975454,15417344,12400.0,12400.0,160.0,160.0,160.0,0.0,0.0,0.0,0.0,,160.0,101.68647299455974,168.16008505580126,234.63369711704277,43.9221762598573,79.05991726774317,236.66666666666666,248.7367924783727,0.676056338028169,6250.0,6250.0,7368.145833333334,10280.770833333334,67207168,1400149.3333333333,1400149.3333333333,430,215,2,1,2,2,0,2,2,0
prompt,smoke-short,49,,2,2,0,100.0,0,0,32.0,,200000.0,,439581.5,219.79075,63019.5,15.673116746261991,510.283281356339,18497536,11600.0,11600.0,160.0,160.0,160.0,0.0,0.0,0.0,0.0,,160.0,35.92222787679701,83.27007598909304,130.6179241013891,63.17842214010257,113.7211598521846,245.0,127.50730385829874,0.6530612244897959,6250.0,6250.0,19986.921875,31351.6015625,67174400,2099200.0,2099200.0,430,215,2,1,2,2,0,2,2,0
