scope,prompt,prompt_bytes,prompts,runs,ok_runs,failed_runs,timed_out_runs,nonzero_exit_runs,tokens_median,total_tokens,elapsed_us_median,total_elapsed_us,host_overhead_us_median,host_overhead_pct_median,host_child_cpu_us_median,host_child_cpu_pct_median,host_child_tok_per_cpu_s_median,host_child_peak_rss_bytes_max,ttft_us_median,ttft_us_p95,tok_per_s_min,tok_per_s_p05,tok_per_s_median,tok_per_s_stdev,tok_per_s_cv_pct,tok_per_s_iqr_pct,tok_per_s_p05_p95_spread_pct,tok_per_s_p95,tok_per_s_max,wall_tok_per_s_p05,wall_tok_per_s_median,wall_tok_per_s_p95,wall_tok_per_s_iqr_pct,wall_tok_per_s_p05_p95_spread_pct,us_per_token_median,us_per_token_p95,wall_us_per_token_median,wall_us_per_token_p95,memory_bytes_max
suite,,360,2,6,6,0,0,0,,240,,1500000,-176560.0,-74.03800000000001,46797.0,81.32137100423711,777.6025132149398,15187968,12000.0,12400.0,160.0,160.0,160.0,0.0,0.0,0.0,0.0,160.0,160.0,376.15630590722424,626.0538723100858,1008.6397875372586,51.12500415151905,101.02700575850187,6250.0,6250.0,1622.625,2709.7421875,67207168
prompt,smoke-code,71,,3,3,0,0,0,48,,300000,,-243383,-81.12766666666667,44385,78.39518165921896,1081.446434606286,15187968,12400,12400.0,160.0,160.0,160.0,0.0,0.0,0.0,0.0,,160.0,510.63930130624993,847.8018969567445,1040.8073656533613,34.741348725856945,62.5344277065425,6250.0,6250.0,1179.5208333333333,2019.9895833333333,67207168
prompt,smoke-short,49,,3,3,0,0,0,32,,200000,,-141590,-70.795,49209,84.24756034925527,650.2875490255848,573440,11600,11600.0,160.0,160.0,160.0,0.0,0.0,0.0,0.0,,160.0,364.21966941604614,547.8513953090225,688.6158539109366,32.89580058393497,59.212441051082976,6250.0,6250.0,1825.3125,2800.209375,67174400
