scope,prompt,prompt_bytes,prompts,runs,ok_runs,tokens_median,total_tokens,elapsed_us_median,total_elapsed_us,host_overhead_us_median,host_overhead_pct_median,host_child_cpu_us_median,host_child_cpu_pct_median,host_child_tok_per_cpu_s_median,host_child_peak_rss_bytes_max,ttft_us_median,ttft_us_p95,tok_per_s_min,tok_per_s_p05,tok_per_s_median,tok_per_s_stdev,tok_per_s_cv_pct,tok_per_s_p05_p95_spread_pct,tok_per_s_p95,tok_per_s_max,wall_tok_per_s_median,wall_tok_per_s_p95,us_per_token_median,us_per_token_p95,wall_us_per_token_median,wall_us_per_token_p95,memory_bytes_max
suite,,240,2,4,4,,160,,1000000,18800.5,9.400249999999996,58104.0,37.9866098382252,675.4448821173012,15663104,12000.0,12400.0,160.0,160.0,160.0,0.0,0.0,0.0,160.0,160.0,221.09977822532838,731.8046112592749,6250.0,6250.0,6837.515625,14510.031770833335,67207168
prompt,smoke-code,71,,2,2,48.0,,300000.0,,93916.0,31.30533333333333,57245.5,46.04108983076228,852.2254942313866,13008896,12400.0,12400.0,160.0,160.0,160.0,0.0,0.0,0.0,,160.0,432.59097716650706,762.5637698669054,6250.0,6250.0,8206.583333333334,14466.420833333334,67207168
prompt,smoke-short,49,,2,2,32.0,,200000.0,,18800.5,9.400249999999996,58104.0,37.9866098382252,555.4848447278416,15663104,11600.0,11600.0,160.0,160.0,160.0,0.0,0.0,0.0,,160.0,221.09977822532838,336.8778365267385,6250.0,6250.0,6837.515625,10417.9546875,67174400
