scope,prompt,prompt_bytes,prompts,runs,ok_runs,failed_runs,ok_run_pct,timed_out_runs,nonzero_exit_runs,tokens_median,total_tokens,elapsed_us_median,total_elapsed_us,host_overhead_us_median,host_overhead_pct_median,host_child_cpu_us_median,host_child_cpu_pct_median,host_child_tok_per_cpu_s_median,host_child_peak_rss_bytes_max,ttft_us_median,ttft_us_p95,tok_per_s_min,tok_per_s_p05,tok_per_s_median,tok_per_s_stdev,tok_per_s_cv_pct,tok_per_s_iqr_pct,tok_per_s_p05_p95_spread_pct,tok_per_s_p95,tok_per_s_max,wall_tok_per_s_p05,wall_tok_per_s_median,wall_tok_per_s_p95,wall_tok_per_s_iqr_pct,wall_tok_per_s_p05_p95_spread_pct,prompt_bytes_per_s_median,wall_prompt_bytes_per_s_median,tokens_per_prompt_byte_median,us_per_token_median,us_per_token_p95,wall_us_per_token_median,wall_us_per_token_p95,memory_bytes_max,memory_bytes_per_token_median,memory_bytes_per_token_max,serial_output_bytes_total,serial_output_bytes_max
suite,,240,2,4,4,0,100.0,0,0,,160,,1000000,-196616.5,-78.21275,43943.0,86.77005822905193,855.8183912625502,458752,12000.0,12400.0,160.0,160.0,160.0,0.0,0.0,0.0,0.0,160.0,160.0,661.19139678395,741.7273624599818,883.6442874852357,22.87719054515176,29.991193794375842,240.83333333333331,1114.5310255679142,0.6645587812589824,6250.0,6250.0,1361.703125,1512.4484375,67207168,1749674.6666666665,2099200.0,860,215
prompt,smoke-code,71,,2,2,0,100.0,0,0,48.0,,300000.0,,-243777.0,-81.259,47695.5,84.80589747077069,1009.2771095509469,458752,12400.0,12400.0,160.0,160.0,160.0,0.0,0.0,0.0,0.0,,160.0,819.5814577005672,855.6167994544433,891.6521412083193,4.679579531508443,8.423243156715218,236.66666666666666,1265.5998491930306,0.676056338028169,6250.0,6250.0,1171.3125,1220.64375,67207168,1400149.3333333333,1400149.3333333333,430,215
prompt,smoke-short,49,,2,2,0,100.0,0,0,32.0,,200000.0,,-151801.5,-75.90074999999999,42525.0,88.22929105410618,752.5184882644144,458752,11600.0,11600.0,160.0,160.0,160.0,0.0,0.0,0.0,0.0,,160.0,660.4048323960691,663.9443721415334,667.4839118869978,0.592342085334604,1.0662157536022736,245.0,1016.6648198417231,0.6530612244897959,6250.0,6250.0,1506.203125,1514.2328125,67174400,2099200.0,2099200.0,430,215
