scope,prompt,prompt_bytes,prompts,runs,ok_runs,failed_runs,timed_out_runs,nonzero_exit_runs,tokens_median,total_tokens,elapsed_us_median,total_elapsed_us,host_overhead_us_median,host_overhead_pct_median,host_child_cpu_us_median,host_child_cpu_pct_median,host_child_tok_per_cpu_s_median,host_child_peak_rss_bytes_max,ttft_us_median,ttft_us_p95,tok_per_s_min,tok_per_s_p05,tok_per_s_median,tok_per_s_stdev,tok_per_s_cv_pct,tok_per_s_p05_p95_spread_pct,tok_per_s_p95,tok_per_s_max,wall_tok_per_s_median,wall_tok_per_s_p95,us_per_token_median,us_per_token_p95,wall_us_per_token_median,wall_us_per_token_p95,memory_bytes_max
suite,,240,2,4,4,0,0,0,,160,,1000000,-191904.0,-75.57133333333334,49428.5,85.1224952734645,815.9517031839418,540672,12000.0,12400.0,160.0,160.0,160.0,0.0,0.0,0.0,160.0,160.0,696.2940484179277,999.6394590821747,6250.0,6250.0,1526.7916666666665,2389.890625,67207168
prompt,smoke-code,71,,2,2,0,0,0,48.0,,300000.0,,-248829.0,-82.943,44288.5,86.59692914449538,1090.2337950967697,540672,12400.0,12400.0,160.0,160.0,160.0,0.0,0.0,0.0,,160.0,944.5809014101337,1015.3704755599007,6250.0,6250.0,1066.0625,1145.95625,67207168
prompt,smoke-short,49,,2,2,0,0,0,32.0,,200000.0,,-129995.0,-64.9975,54433.5,78.50961169040731,589.9979064035363,458752,11600.0,11600.0,160.0,160.0,160.0,0.0,0.0,0.0,,160.0,465.22388338667105,520.5184383715836,6250.0,6250.0,2187.65625,2447.671875,67174400
