scope,prompt,prompt_bytes,prompts,runs,ok_runs,failed_runs,ok_run_pct,timed_out_runs,nonzero_exit_runs,tokens_median,total_tokens,elapsed_us_median,total_elapsed_us,host_overhead_us_median,host_overhead_pct_median,host_child_cpu_us_median,host_child_cpu_pct_median,host_child_tok_per_cpu_s_median,host_child_peak_rss_bytes_max,ttft_us_median,ttft_us_p95,tok_per_s_min,tok_per_s_p05,tok_per_s_median,tok_per_s_stdev,tok_per_s_cv_pct,tok_per_s_iqr_pct,tok_per_s_p05_p95_spread_pct,tok_per_s_p95,tok_per_s_max,wall_tok_per_s_p05,wall_tok_per_s_median,wall_tok_per_s_p95,wall_tok_per_s_iqr_pct,wall_tok_per_s_p05_p95_spread_pct,prompt_bytes_per_s_median,wall_prompt_bytes_per_s_median,tokens_per_prompt_byte_median,us_per_token_median,us_per_token_p95,wall_us_per_token_median,wall_us_per_token_p95,memory_bytes_max,memory_bytes_per_token_median,memory_bytes_per_token_max,serial_output_bytes_total,serial_output_bytes_max
suite,,240,2,4,4,0,100.0,0,0,,160,,1000000,-184422.0,-72.66183333333333,57410.0,87.54550608387382,696.5403297466232,589824,12000.0,12400.0,160.0,160.0,160.0,0.0,0.0,0.0,0.0,160.0,160.0,424.08923771652445,610.2771864682886,777.9857263548125,45.638045906797394,57.98946716103033,240.83333333333331,915.3767139856517,0.6645587812589824,6250.0,6250.0,1708.6354166666665,2366.1140625,67207168,1749674.6666666665,2099200.0,860,215
prompt,smoke-code,71,,2,2,0,100.0,0,0,48.0,,300000.0,,-236752.0,-78.91733333333335,55847.5,88.31343997600021,860.2311211399056,458752,12400.0,12400.0,160.0,160.0,160.0,0.0,0.0,0.0,0.0,,160.0,736.4299813491984,759.8050879148564,783.1801944805143,3.418289906400219,6.152921831520382,236.66666666666666,1123.8783592073917,0.676056338028169,6250.0,6250.0,1317.6666666666665,1358.2041666666667,67207168,1400149.3333333333,1400149.3333333333,430,215
prompt,smoke-short,49,,2,2,0,100.0,0,0,32.0,,200000.0,,-128389.5,-64.19475,59978.0,84.0160587706547,534.5740922377947,589824,11600.0,11600.0,160.0,160.0,160.0,0.0,0.0,0.0,0.0,,160.0,416.7207214890297,449.87904451275597,483.0373675364823,8.189441492518565,14.740994686533401,245.0,688.8772869101576,0.6530612244897959,6250.0,6250.0,2237.828125,2402.7671875,67174400,2099200.0,2099200.0,430,215
