scope,prompt,prompt_bytes,prompts,runs,ok_runs,tokens_median,total_tokens,elapsed_us_median,total_elapsed_us,host_overhead_us_median,host_overhead_pct_median,host_child_cpu_us_median,host_child_cpu_pct_median,host_child_tok_per_cpu_s_median,host_child_peak_rss_bytes_max,ttft_us_median,ttft_us_p95,tok_per_s_min,tok_per_s_p05,tok_per_s_median,tok_per_s_stdev,tok_per_s_cv_pct,tok_per_s_p05_p95_spread_pct,tok_per_s_p95,tok_per_s_max,wall_tok_per_s_median,wall_tok_per_s_p95,us_per_token_median,us_per_token_p95,wall_us_per_token_median,wall_us_per_token_p95,memory_bytes_max
suite,,240,2,4,4,,160,,1000000,-86726.0,-40.49016666666667,50411.5,48.12838839368726,807.1820133088108,14090240,12000.0,12400.0,160.0,160.0,160.0,0.0,0.0,0.0,160.0,160.0,352.5871466507349,622.9431825279373,6250.0,6250.0,3719.3645833333335,9477.296875,67207168
prompt,smoke-code,71,,2,2,48.0,,300000.0,,76928.5,25.642833333333336,54929.0,15.943016144340179,873.8790313454078,14090240,12400.0,12400.0,160.0,160.0,160.0,0.0,0.0,0.0,,160.0,139.53362131593917,176.6492939800758,6250.0,6250.0,7852.677083333334,9941.473958333332,67207168
prompt,smoke-short,49,,2,2,32.0,,200000.0,,-144502.0,-72.251,44565.5,80.81215837164696,718.9878534423068,458752,11600.0,11600.0,160.0,160.0,160.0,0.0,0.0,0.0,,160.0,582.3670044190408,634.5363762733364,6250.0,6250.0,1734.3125,1889.675,67174400
