scope,prompt,prompt_bytes,prompts,runs,ok_runs,failed_runs,timed_out_runs,nonzero_exit_runs,tokens_median,total_tokens,elapsed_us_median,total_elapsed_us,host_overhead_us_median,host_overhead_pct_median,host_child_cpu_us_median,host_child_cpu_pct_median,host_child_tok_per_cpu_s_median,host_child_peak_rss_bytes_max,ttft_us_median,ttft_us_p95,tok_per_s_min,tok_per_s_p05,tok_per_s_median,tok_per_s_stdev,tok_per_s_cv_pct,tok_per_s_p05_p95_spread_pct,tok_per_s_p95,tok_per_s_max,wall_tok_per_s_median,wall_tok_per_s_p95,us_per_token_median,us_per_token_p95,wall_us_per_token_median,wall_us_per_token_p95,memory_bytes_max
suite,,240,2,4,4,0,0,0,,160,,1000000,-195641.5,-77.41216666666666,47377.0,84.11610740535409,853.5323873209763,589824,12000.0,12400.0,160.0,160.0,160.0,0.0,0.0,0.0,160.0,160.0,733.9915253189117,873.6044380126742,6250.0,6250.0,1411.7395833333335,2211.975,67207168
prompt,smoke-code,71,,2,2,0,0,0,48.0,,300000.0,,-244992.5,-81.66416666666666,47377.0,86.13103885263789,1013.4869031976934,458752,12400.0,12400.0,160.0,160.0,160.0,0.0,0.0,0.0,,160.0,872.6105907462061,873.8883943745222,6250.0,6250.0,1145.9895833333335,1147.6677083333334,67207168
prompt,smoke-short,49,,2,2,0,0,0,32.0,,200000.0,,-136284.0,-68.142,52530.5,82.63176797053669,622.1602337970155,589824,11600.0,11600.0,160.0,160.0,160.0,0.0,0.0,0.0,,160.0,515.1630422182282,588.6293217525949,6250.0,6250.0,1991.125,2275.075,67174400
