scope,prompt,prompt_bytes,prompts,runs,ok_runs,tokens_median,total_tokens,elapsed_us_median,total_elapsed_us,host_overhead_us_median,host_overhead_pct_median,host_child_cpu_us_median,host_child_cpu_pct_median,host_child_tok_per_cpu_s_median,host_child_peak_rss_bytes_max,ttft_us_median,ttft_us_p95,tok_per_s_min,tok_per_s_p05,tok_per_s_median,tok_per_s_stdev,tok_per_s_cv_pct,tok_per_s_p05_p95_spread_pct,tok_per_s_p95,tok_per_s_max,wall_tok_per_s_median,wall_tok_per_s_p95,us_per_token_median,us_per_token_p95,wall_us_per_token_median,wall_us_per_token_p95,memory_bytes_max
suite,,240,2,4,4,,160,,1000000,-190918.0,-75.53383333333333,48881.0,80.98933228726831,825.7722585911868,573440,12000.0,12400.0,160.0,160.0,160.0,0.0,0.0,0.0,160.0,160.0,673.4995100632523,800.322231787013,6250.0,6250.0,1529.1354166666665,1924.925,67207168
prompt,smoke-code,71,,2,2,48.0,,300000.0,,-239643.0,-79.881,48881.0,80.98933228726831,982.001306850658,573440,12400.0,12400.0,160.0,160.0,160.0,0.0,0.0,0.0,,160.0,795.3320525484805,801.7479972837366,6250.0,6250.0,1257.4375,1267.58125,67207168
prompt,smoke-short,49,,2,2,32.0,,200000.0,,-140186.0,-70.093,48749.5,81.55691493986676,656.8873579438622,573440,11600.0,11600.0,160.0,160.0,160.0,0.0,0.0,0.0,,160.0,535.9643963602364,556.5126551915016,6250.0,6250.0,1869.1875,1940.85,67174400
