scope,prompt,prompt_bytes,prompts,runs,ok_runs,tokens_median,total_tokens,elapsed_us_median,total_elapsed_us,host_overhead_us_median,host_overhead_pct_median,host_child_cpu_us_median,host_child_cpu_pct_median,host_child_tok_per_cpu_s_median,host_child_peak_rss_bytes_max,ttft_us_median,ttft_us_p95,tok_per_s_min,tok_per_s_p05,tok_per_s_median,tok_per_s_stdev,tok_per_s_cv_pct,tok_per_s_p05_p95_spread_pct,tok_per_s_p95,tok_per_s_max,wall_tok_per_s_median,wall_tok_per_s_p95,us_per_token_median,us_per_token_p95,wall_us_per_token_median,wall_us_per_token_p95,memory_bytes_max
suite,,240,2,4,4,,160,,1000000,-186029.0,-74.38966666666667,46164.0,74.43845023676931,844.1706348973364,589824,12000.0,12400.0,160.0,160.0,160.0,0.0,0.0,0.0,160.0,160.0,624.7592791056438,849.2651985616474,6250.0,6250.0,1600.6458333333335,2230.496875,67207168
prompt,smoke-code,71,,2,2,48.0,,300000.0,,-234734.5,-78.24483333333333,47523.5,74.43845023676931,1012.2205590688884,458752,12400.0,12400.0,160.0,160.0,160.0,0.0,0.0,0.0,,160.0,757.9231778666543,875.3629187602166,6250.0,6250.0,1359.6979166666667,1570.3822916666668,67207168
prompt,smoke-short,49,,2,2,32.0,,200000.0,,-136833.0,-68.4165,45631.0,74.39544506988229,701.9252260322053,589824,11600.0,11600.0,160.0,160.0,160.0,0.0,0.0,0.0,,160.0,524.6772618520126,612.3433093889337,6250.0,6250.0,1973.96875,2303.790625,67174400
