scope,prompt,prompt_bytes,prompts,runs,ok_runs,failed_runs,timed_out_runs,nonzero_exit_runs,tokens_median,total_tokens,elapsed_us_median,total_elapsed_us,host_overhead_us_median,host_overhead_pct_median,host_child_cpu_us_median,host_child_cpu_pct_median,host_child_tok_per_cpu_s_median,host_child_peak_rss_bytes_max,ttft_us_median,ttft_us_p95,tok_per_s_min,tok_per_s_p05,tok_per_s_median,tok_per_s_stdev,tok_per_s_cv_pct,tok_per_s_p05_p95_spread_pct,tok_per_s_p95,tok_per_s_max,wall_tok_per_s_median,wall_tok_per_s_p95,us_per_token_median,us_per_token_p95,wall_us_per_token_median,wall_us_per_token_p95,memory_bytes_max
suite,,240,2,4,4,0,0,0,,160,,1000000,-196245.5,-77.12191666666666,41948.0,78.61494420501626,962.4317021194313,458752,12000.0,12400.0,160.0,160.0,160.0,0.0,0.0,0.0,160.0,160.0,768.9259091676179,1018.7817888344033,6250.0,6250.0,1429.8802083333333,2034.271875,67207168
prompt,smoke-code,71,,2,2,0,0,0,48.0,,300000.0,,-252523.0,-84.17433333333332,40197.5,84.6744789103868,1194.1146641421058,458752,12400.0,12400.0,160.0,160.0,160.0,0.0,0.0,0.0,,160.0,1011.1339132682424,1020.9668961390207,6250.0,6250.0,989.1041666666666,998.7229166666666,67207168
prompt,smoke-short,49,,2,2,0,0,0,32.0,,200000.0,,-137200.0,-68.6,45150.0,71.96062930239964,709.6077384440923,458752,11600.0,11600.0,160.0,160.0,160.0,0.0,0.0,0.0,,160.0,510.94880724954305,534.9739781560266,6250.0,6250.0,1962.5,2054.778125,67174400
