scope,prompt,prompt_bytes,prompts,runs,ok_runs,tokens_median,total_tokens,elapsed_us_median,total_elapsed_us,host_overhead_us_median,host_overhead_pct_median,host_child_cpu_us_median,host_child_cpu_pct_median,host_child_tok_per_cpu_s_median,host_child_peak_rss_bytes_max,ttft_us_median,ttft_us_p95,tok_per_s_min,tok_per_s_p05,tok_per_s_median,tok_per_s_stdev,tok_per_s_cv_pct,tok_per_s_p05_p95_spread_pct,tok_per_s_p95,tok_per_s_max,wall_tok_per_s_median,wall_tok_per_s_p95,us_per_token_median,us_per_token_p95,wall_us_per_token_median,wall_us_per_token_p95,memory_bytes_max
suite,,240,2,4,4,,160,,1000000,-199054.5,-78.79341666666667,43278.0,84.94942204308498,923.3008168222266,14663680,12000.0,12400.0,160.0,160.0,160.0,0.0,0.0,0.0,160.0,160.0,784.4054667095666,955.8425843427436,6250.0,6250.0,1325.4114583333335,33706.153125000004,67207168
prompt,smoke-code,71,,2,2,48.0,,300000.0,,-249378.5,-83.12616666666666,43190.0,85.32328750297265,1111.428624022885,458752,12400.0,12400.0,160.0,160.0,160.0,0.0,0.0,0.0,,160.0,948.3349986193513,957.9876088351414,6250.0,6250.0,1054.6145833333335,1065.3489583333335,67207168
prompt,smoke-short,49,,2,2,32.0,,200000.0,,455344.0,227.672,51181.0,44.80990808527839,641.4289444244073,14663680,11600.0,11600.0,160.0,160.0,160.0,0.0,0.0,0.0,,160.0,328.2990320328939,600.9108547388831,6250.0,6250.0,20479.5,37485.196875,67174400
