scope,prompt,prompt_bytes,prompts,runs,ok_runs,tokens_median,total_tokens,elapsed_us_median,total_elapsed_us,host_overhead_us_median,host_overhead_pct_median,host_child_cpu_us_median,host_child_cpu_pct_median,host_child_tok_per_cpu_s_median,host_child_peak_rss_bytes_max,ttft_us_median,ttft_us_p95,tok_per_s_min,tok_per_s_p05,tok_per_s_median,tok_per_s_stdev,tok_per_s_cv_pct,tok_per_s_p05_p95_spread_pct,tok_per_s_p95,tok_per_s_max,wall_tok_per_s_median,wall_tok_per_s_p95,us_per_token_median,us_per_token_p95,wall_us_per_token_median,wall_us_per_token_p95,memory_bytes_max
suite,,240,2,4,4,,160,,1000000,-167953.5,-66.04366666666667,55121.5,68.72697712750832,726.6583468049969,557056,12000.0,12400.0,160.0,160.0,160.0,0.0,0.0,0.0,160.0,160.0,484.7997500046798,678.4694402828846,6250.0,6250.0,2122.2708333333335,2581.9640625,67207168
prompt,smoke-code,71,,2,2,48.0,,300000.0,,-223230.0,-74.41,53957.5,71.17299375713588,889.7848695968494,557056,12400.0,12400.0,160.0,160.0,160.0,0.0,0.0,0.0,,160.0,632.1657873112804,691.6990554176288,6250.0,6250.0,1599.375,1749.99375,67207168
prompt,smoke-short,49,,2,2,32.0,,200000.0,,-118749.5,-59.37475,55816.5,68.72697712750832,573.3273991459216,458752,11600.0,11600.0,160.0,160.0,160.0,0.0,0.0,0.0,,160.0,394.0731645588073,402.6309259905005,6250.0,6250.0,2539.078125,2594.2171875,67174400
