scope,prompt,prompt_bytes,prompts,runs,ok_runs,failed_runs,timed_out_runs,nonzero_exit_runs,tokens_median,total_tokens,elapsed_us_median,total_elapsed_us,host_overhead_us_median,host_overhead_pct_median,host_child_cpu_us_median,host_child_cpu_pct_median,host_child_tok_per_cpu_s_median,host_child_peak_rss_bytes_max,ttft_us_median,ttft_us_p95,tok_per_s_min,tok_per_s_p05,tok_per_s_median,tok_per_s_stdev,tok_per_s_cv_pct,tok_per_s_iqr_pct,tok_per_s_p05_p95_spread_pct,tok_per_s_p95,tok_per_s_max,wall_tok_per_s_p05,wall_tok_per_s_median,wall_tok_per_s_p95,wall_tok_per_s_iqr_pct,wall_tok_per_s_p05_p95_spread_pct,us_per_token_median,us_per_token_p95,wall_us_per_token_median,wall_us_per_token_p95,memory_bytes_max
suite,,240,2,4,4,0,0,0,,160,,1000000,-205645.5,-81.6485,39790.0,87.71563536489064,1021.7463286871321,458752,12000.0,12400.0,160.0,160.0,160.0,0.0,0.0,0.0,0.0,160.0,160.0,711.9158002677764,896.6050881233355,1056.025364379517,34.73983186535101,38.37916700115865,6250.0,6250.0,1146.96875,1405.2609375,67207168
prompt,smoke-code,71,,2,2,0,0,0,48.0,,300000.0,,-254358.5,-84.78616666666667,40101.5,87.86081350276282,1197.0396466118907,458752,12400.0,12400.0,160.0,160.0,160.0,0.0,0.0,0.0,0.0,,160.0,1046.1630212880202,1051.7105892769873,1057.2581572659542,0.5860894142392438,1.0549609456306301,6250.0,6250.0,950.8645833333333,955.8802083333334,67207168
prompt,smoke-short,49,,2,2,0,0,0,32.0,,200000.0,,-155924.5,-77.96225,38590.5,87.54935106893129,830.0349827035716,458752,11600.0,11600.0,160.0,160.0,160.0,0.0,0.0,0.0,0.0,,160.0,707.7101824872949,726.6354624994617,745.5607425116284,2.893897970527853,5.209016346950111,6250.0,6250.0,1377.359375,1413.2328125,67174400
